job_id,title,company,location,posted_at,description,apply_url,all_apply_urls,source,query_location,date_filter,scraped_at
eyJqb2JfdGl0bGUiOiJTci4gRGF0YSBTY2llbnRpc3QiLCJjb21wYW55X25hbWUiOiJHbG9iYWwgTWVkaWNhbCBSZXNwb25zZSIsImFkZHJlc3NfY2l0eSI6IlRleGFzIiwiaHRpZG9jaWQiOiJoOTZYR0RVbm1vSm5BSWNwQUFBQUFBPT0iLCJ1dWxlIjoidytDQUlRSUNJblJHRnNiR0Z6TFVaMExpQlhiM0owYUN4VVdDeFVaWGhoY3l4VmJtbDBaV1FnVTNSaGRHVnoiLCJnbCI6InVzIiwiaGwiOiJlbiJ9,Sr. Data Scientist,Global Medical Response,Texas,4 days ago,"Job Description: Sr. Data Scientist Annual Compensation: $170,000 - $175,000 Location: Remote; Dallas, TX preferred Why Choose GMR? Global Medical Response (GMR) and its family of solutions are dedicated to delivering compassionate, quality medical care, primarily in the areas of emergency and patient relocation services. Here you'll embark on meaningful work that will make an impact on you and the customers we serve. View the stories on how our employees provide care to the world at www.AtaMome",https://jobs.kdvr.com/jobs/sr.-data-scientist-village-texas/2707558474-2/?utm_campaign=google_jobs_apply&utm_source=google_jobs_apply&utm_medium=organic,https://jobs.kdvr.com/jobs/sr.-data-scientist-village-texas/2707558474-2/?utm_campaign=google_jobs_apply&utm_source=google_jobs_apply&utm_medium=organic,serpapi,"Dallas, TX",week,2026-04-10T16:40:00.140174+00:00
eyJqb2JfdGl0bGUiOiJTZW5pb3IgRGF0YSBTY2llbnRpc3QgSHlicmlkIC8gUmVtb3RlIiwiY29tcGFueV9uYW1lIjoiSUxJQVMgU29sdXRpb25zIiwiYWRkcmVzc19jaXR5IjoiVGV4YXMiLCJodGlkb2NpZCI6IlZRSEpKMWM0aTJLVXI5Q0xBQUFBQUE9PSIsInV1bGUiOiJ3K0NBSVFJQ0luUkdGc2JHRnpMVVowTGlCWGIzSjBhQ3hVV0N4VVpYaGhjeXhWYm1sMFpXUWdVM1JoZEdWeiIsImdsIjoidXMiLCJobCI6ImVuIn0=,Senior Data Scientist Hybrid / Remote,ILIAS Solutions,Texas,6 days ago,"OpportunityThe RoleWe're looking for a Senior Data Scientist with strong skills in simulation modeling, mathematical optimization, and sensor data analysis.This is a hands-on, high-impact role where you will develop analytical solutions for real-world defense scenarios -- from optimizing aircraft maintenance schedules to analyzing live sensor data from naval vessels.You'll be joining a cross-functional team that builds scalable, data-driven products supporting mission readiness and capability ma",https://bebee.com/us/jobs/senior-data-scientist-hybrid-remote-ilias-solutions-tx--appcast-13509_81495577?utm_campaign=google_jobs_apply&utm_source=google_jobs_apply&utm_medium=organic,https://bebee.com/us/jobs/senior-data-scientist-hybrid-remote-ilias-solutions-tx--appcast-13509_81495577?utm_campaign=google_jobs_apply&utm_source=google_jobs_apply&utm_medium=organic,serpapi,"Dallas, TX",week,2026-04-10T16:40:00.140189+00:00
eyJqb2JfdGl0bGUiOiJTZW5pb3IgRGF0YSBTY2llbnRpc3QgLSBQcmVkaWN0aXZlIEFuYWx5dGljcyBcdTAwMjYgSW5zaWdodHMiLCJjb21wYW55X25hbWUiOiJUZWNoRGlnaXRhbCBHcm91cCIsImFkZHJlc3NfY2l0eSI6IldlYXRoZXJmb3JkLCBUWCIsImh0aWRvY2lkIjoiUDdlQmNodDNFR2hHUkNsakFBQUFBQT09IiwidXVsZSI6IncrQ0FJUUlDSW5SR0ZzYkdGekxVWjBMaUJYYjNKMGFDeFVXQ3hVWlhoaGN5eFZibWwwWldRZ1UzUmhkR1Z6IiwiZ2wiOiJ1cyIsImhsIjoiZW4ifQ==,Senior Data Scientist - Predictive Analytics & Insights,TechDigital Group,"Weatherford, TX",7 days ago,"A leading technology firm in Weatherford, Texas is seeking a skilled data scientist to analyze complex datasets and develop predictive models. The ideal candidate will have a Bachelor's degree in data science or a related field, along with 5-8 years of experience. Proficiency in Python, R, SQL, and data visualization tools such as Tableau and Power BI is essential. This role offers an opportunity to work collaboratively with cross-functional teams and drive data science applications within the o",https://www.jobleads.com/us/job/senior-data-scientist-predictive-analytics-insights--weatherford--e17652746875044b3396b68ceb24b3f7b?utm_campaign=google_jobs_apply&utm_source=google_jobs_apply&utm_medium=organic,https://www.jobleads.com/us/job/senior-data-scientist-predictive-analytics-insights--weatherford--e17652746875044b3396b68ceb24b3f7b?utm_campaign=google_jobs_apply&utm_source=google_jobs_apply&utm_medium=organic | https://www.learn4good.com/jobs/weatherford/texas/info_technology/4996191416/e/?utm_campaign=google_jobs_apply&utm_source=google_jobs_apply&utm_medium=organic,serpapi,"Dallas, TX",week,2026-04-10T16:40:00.140195+00:00
eyJqb2JfdGl0bGUiOiJTZW5pb3IgRGF0YSBTY2llbnRpc3QgLSBBSSBQcmFjdGljZSBUZWFtIiwiY29tcGFueV9uYW1lIjoiQW1lcmljYW4gQnVyZWF1IG9mIFNoaXBwaW5nIChBQlMpIiwiYWRkcmVzc19jaXR5IjoiVGV4YXMiLCJodGlkb2NpZCI6IlFpMFdEZzVoaWJ0by1uY2tBQUFBQUE9PSIsInV1bGUiOiJ3K0NBSVFJQ0luUkdGc2JHRnpMVVowTGlCWGIzSjBhQ3hVV0N4VVpYaGhjeXhWYm1sMFpXUWdVM1JoZEdWeiIsImdsIjoidXMiLCJobCI6ImVuIn0=,Senior Data Scientist - AI Practice Team,American Bureau of Shipping (ABS),Texas,2 days ago,"We are seeking an exceptional Senior Data Scientist to join us full-time in our Artificial Intelligence (AI) Practice Team. In this role, you will lead the design and delivery of analytics and machine learning solutions across policy, data, and document-centric AI engagements, working with complex real-world datasets from industrial and asset-intensive domains. Location: This position can be based in Houston, Texas; Knoxville, Tennessee; or Washington, DC. What You Will Do: • Lead the preparatio",https://www.recruit.net/job/data-scientist-ai-practice-team-jobs/C11D7A5A4803A0A9?utm_campaign=google_jobs_apply&utm_source=google_jobs_apply&utm_medium=organic,https://www.recruit.net/job/data-scientist-ai-practice-team-jobs/C11D7A5A4803A0A9?utm_campaign=google_jobs_apply&utm_source=google_jobs_apply&utm_medium=organic,serpapi,"Dallas, TX",week,2026-04-10T16:40:00.140204+00:00
eyJqb2JfdGl0bGUiOiJTZW5pb3IgR3JhcGggRGF0YSBTY2llbnRpc3Qg4oCTIElkZW50aXR5IEFuYWx5dGljcyIsImNvbXBhbnlfbmFtZSI6IlVTQUEiLCJhZGRyZXNzX2NpdHkiOiJUZXhhcyIsImh0aWRvY2lkIjoiRUs1b1VYeVphRkZDd3ZkSEFBQUFBQT09IiwidXVsZSI6IncrQ0FJUUlDSW5SR0ZzYkdGekxVWjBMaUJYYjNKMGFDeFVXQ3hVWlhoaGN5eFZibWwwWldRZ1UzUmhkR1Z6IiwiZ2wiOiJ1cyIsImhsIjoiZW4ifQ==,Senior Graph Data Scientist – Identity Analytics,USAA,Texas,3 days ago,"Why USAA?  At USAA, our mission is to empower our members to achieve financial security through highly competitive products, exceptional service and trusted advice. We seek to be the #1 choice for the military community and their families.  Embrace a fulfilling career at USAA, where our core values – honesty, integrity, loyalty and service – define how we treat each other and our members. Be part of what truly makes us special and impactful.  The Opportunity  We offer a flexible work environment",https://jobs.womenforhire.com/job/usa/bexar-county-tx/senior-graph-data-scientist-identity-analytics-068092/?utm_campaign=google_jobs_apply&utm_source=google_jobs_apply&utm_medium=organic,https://jobs.womenforhire.com/job/usa/bexar-county-tx/senior-graph-data-scientist-identity-analytics-068092/?utm_campaign=google_jobs_apply&utm_source=google_jobs_apply&utm_medium=organic,serpapi,"Dallas, TX",week,2026-04-10T16:40:00.140208+00:00
eyJqb2JfdGl0bGUiOiJTZW5pb3IgRGF0YSBTY2llbnRpc3QgKE5MUCBhbmQgR2VuQUkgU3BlY2lhbGlzdCkiLCJjb21wYW55X25hbWUiOiJNb3JnYW4gU3RhbmxleSIsImFkZHJlc3NfY2l0eSI6IlRleGFzIiwiaHRpZG9jaWQiOiJac0VaT1FMaWxOeHUyVnZYQUFBQUFBPT0iLCJ1dWxlIjoidytDQUlRSUNJblJHRnNiR0Z6TFVaMExpQlhiM0owYUN4VVdDeFVaWGhoY3l4VmJtbDBaV1FnVTNSaGRHVnoiLCJnbCI6InVzIiwiaGwiOiJlbiJ9,Senior Data Scientist (NLP and GenAI Specialist),Morgan Stanley,Texas,6 days ago,"We're seeking someone to join our team as a Senior Data Scientist (NLP Specialist) in Non-Financial Risk to develop and deploy advanced AI models using NLP, Machine Learning, and quantitative techniques to improve surveillance and compliance monitoring.  In the Legal & Compliance division, we assist the Firm in achieving its business objectives by facilitating and overseeing the Firm's management of legal, regulatory, and franchise risk. This is a Vice President level position within the NFR Dat",https://www.career.com/job/morgan-stanley/senior-data-scientist-nlp-and-genai-specialist/j202602031540341361622?utm_campaign=google_jobs_apply&utm_source=google_jobs_apply&utm_medium=organic,https://www.career.com/job/morgan-stanley/senior-data-scientist-nlp-and-genai-specialist/j202602031540341361622?utm_campaign=google_jobs_apply&utm_source=google_jobs_apply&utm_medium=organic,serpapi,"Dallas, TX",week,2026-04-10T16:40:00.140212+00:00
eyJqb2JfdGl0bGUiOiJMZWFkIERhdGEgU2NpZW50aXN0IC0gR2VuQUkiLCJjb21wYW55X25hbWUiOiJUaWdlciBBbmFseXRpY3MgSW5jLiIsImFkZHJlc3NfY2l0eSI6IlRleGFzIiwiaHRpZG9jaWQiOiJsMVhickI1bExqSWZmc3JSQUFBQUFBPT0iLCJ1dWxlIjoidytDQUlRSUNJblJHRnNiR0Z6TFVaMExpQlhiM0owYUN4VVdDeFVaWGhoY3l4VmJtbDBaV1FnVTNSaGRHVnoiLCJnbCI6InVzIiwiaGwiOiJlbiJ9,Lead Data Scientist - GenAI,Tiger Analytics Inc.,Texas,3 days ago,"About the position  Tiger Analytics is looking for experienced Data Scientists to join our fast-growing advanced analytics consulting firm. Our consultants bring deep expertise in Data Science, Machine Learning and AI. We are the trusted analytics partner for multiple Fortune 500 companies, enabling them to generate business value from data. Our business value and leadership has been recognized by various market research firms, including Forrester and Gartner. We are looking for top-notch talent",https://www.tealhq.com/job/lead-data-scientist-genai_7ea1adc6caa4782a4c7c388e8f2d9b46c8c80?utm_campaign=google_jobs_apply&utm_source=google_jobs_apply&utm_medium=organic,https://www.tealhq.com/job/lead-data-scientist-genai_7ea1adc6caa4782a4c7c388e8f2d9b46c8c80?utm_campaign=google_jobs_apply&utm_source=google_jobs_apply&utm_medium=organic | https://www.recruit.net/job/data-scientist-genai-jobs/AC11BF5A97A63F0E?utm_campaign=google_jobs_apply&utm_source=google_jobs_apply&utm_medium=organic,serpapi,"Dallas, TX",week,2026-04-10T16:40:00.140216+00:00
eyJqb2JfdGl0bGUiOiJEYXRhIEFuYWx5dGljcyBhbmQgRGV2ZWxvcG1lbnQiLCJjb21wYW55X25hbWUiOiJUQUQgUEdTLCBJbmMiLCJhZGRyZXNzX2NpdHkiOiJXZWF0aGVyZm9yZCwgVFgiLCJodGlkb2NpZCI6ImNDWXowSDE5d0RZMFJjbjVBQUFBQUE9PSIsInV1bGUiOiJ3K0NBSVFJQ0luUkdGc2JHRnpMVVowTGlCWGIzSjBhQ3hVV0N4VVpYaGhjeXhWYm1sMFpXUWdVM1JoZEdWeiIsImdsIjoidXMiLCJobCI6ImVuIn0=,Data Analytics and Development,"TAD PGS, Inc","Weatherford, TX",23 hours ago,"We have an outstanding Contract position for a Data Analytics and Development. This position is 100% remote.  Pay Rate: $102.00 • *US Citizenship is required.** • *Candidate must possess an Active Secret Security Clearance.**  Job Responsibilities: • Support data-driven analysis and metric reporting with responsibilities including data collection, reporting development, and analytics execution.  Basic Hiring Criteria: • Bachelor's degree.  Benefits offered vary by contract. Depending on your tem","https://www.ziprecruiter.com/c/TAD-PGS/Job/Data-Analytics-and-Development/-in-Weatherford,TX?jid=de367d51d53fc921&utm_campaign=google_jobs_apply&utm_source=google_jobs_apply&utm_medium=organic","https://www.ziprecruiter.com/c/TAD-PGS/Job/Data-Analytics-and-Development/-in-Weatherford,TX?jid=de367d51d53fc921&utm_campaign=google_jobs_apply&utm_source=google_jobs_apply&utm_medium=organic",serpapi,"Dallas, TX",week,2026-04-10T16:40:00.140220+00:00
eyJqb2JfdGl0bGUiOiJMZWFkIERhdGEgU2NpZW50aXN0IiwiY29tcGFueV9uYW1lIjoiTWVtb3JpYWwgSGVybWFubiBIZWFsdGggU3lzdGVtIiwiYWRkcmVzc19jaXR5IjoiVGV4YXMiLCJodGlkb2NpZCI6Ik5Jc01WQ0FHNWV5Z3FaS2pBQUFBQUE9PSIsInV1bGUiOiJ3K0NBSVFJQ0luUkdGc2JHRnpMVVowTGlCWGIzSjBhQ3hVV0N4VVpYaGhjeXhWYm1sMFpXUWdVM1JoZEdWeiIsImdsIjoidXMiLCJobCI6ImVuIn0=,Lead Data Scientist,Memorial Hermann Health System,Texas,5 days ago,"At Memorial Hermann, we pursue a common goal of delivering high quality, efficient care while creating exceptional experiences for every member of our community. When we say every member of our community, that includes our employees. We know that when our employees feel cared for, heard and valued, they are inspired to create moments that exceed expectations, while prioritizing safety, compassion, personalization and efficiency. If you want to advance your career and contribute to our vision of ",https://builtin.com/job/lead-data-scientist/8365781?utm_campaign=google_jobs_apply&utm_source=google_jobs_apply&utm_medium=organic,https://builtin.com/job/lead-data-scientist/8365781?utm_campaign=google_jobs_apply&utm_source=google_jobs_apply&utm_medium=organic | https://jobs.6amcity.com/job/327262/lead-data-scientist/?utm_campaign=google_jobs_apply&utm_source=google_jobs_apply&utm_medium=organic | https://www.simplyhired.com/job/-YtkJ5ND8lglPW5ma5bUsTAUN46mBznvYraFS-bwDMVlPGLBseM6Ag?utm_campaign=google_jobs_apply&utm_source=google_jobs_apply&utm_medium=organic | https://www.jobtarget.com/jobs/jt-gt7uue8ln1/lead-data-scientist-calgary-e-texas?utm_campaign=google_jobs_apply&utm_source=google_jobs_apply&utm_medium=organic | https://www.talent.com/view?id=612038436054049185&utm_campaign=google_jobs_apply&utm_source=google_jobs_apply&utm_medium=organic | https://jobright.ai/jobs/info/69a5c186b600907a962b6c5e?utm_campaign=google_jobs_apply&utm_source=google_jobs_apply&utm_medium=organic | https://www.recruit.net/job/lead-data-scientist-jobs/9E695DE2C96EB800?utm_campaign=google_jobs_apply&utm_source=google_jobs_apply&utm_medium=organic | https://us.trabajo.org/job-4023-9d66b4b599faee3948d7c471b1776bd9?utm_campaign=google_jobs_apply&utm_source=google_jobs_apply&utm_medium=organic,serpapi,"Dallas, TX",week,2026-04-10T16:40:00.140226+00:00
eyJqb2JfdGl0bGUiOiJTZW5pb3IgRGF0YSBNYXBwaW5nIEFuYWx5c3QiLCJjb21wYW55X25hbWUiOiJWaXJ0dWFsVm9jYXRpb25zIiwiYWRkcmVzc19jaXR5IjoiQWJpbGVuZSwgVFgiLCJodGlkb2NpZCI6IlFzeEdsWEJ2Q3JRdHVBcWlBQUFBQUE9PSIsInV1bGUiOiJ3K0NBSVFJQ0luUkdGc2JHRnpMVVowTGlCWGIzSjBhQ3hVV0N4VVpYaGhjeXhWYm1sMFpXUWdVM1JoZEdWeiIsImdsIjoidXMiLCJobCI6ImVuIn0=,Senior Data Mapping Analyst,VirtualVocations,"Abilene, TX (+1 other)",2 days ago,"A company is looking for a Senior Data Mapping Analyst.  Key Responsibilities  Map tables, fields, and columns from source systems to target systems in Snowflake and Oracle  Ensure accuracy, completeness, and consistency across all data mapping documentation  Identify gaps, discrepancies, and dependencies within the data mapping process  Required Qualifications  Experience mapping tables and columns from source systems to target systems in Snowflake and Oracle  Ability to explain functionality a",https://www.talent.com/view?id=614360259960112571&utm_campaign=google_jobs_apply&utm_source=google_jobs_apply&utm_medium=organic,https://www.talent.com/view?id=614360259960112571&utm_campaign=google_jobs_apply&utm_source=google_jobs_apply&utm_medium=organic,serpapi,"Dallas, TX",week,2026-04-10T16:40:00.140229+00:00
eyJqb2JfdGl0bGUiOiJTZW5pb3IgRGF0YSBTY2llbnRpc3QiLCJjb21wYW55X25hbWUiOiJGaWRlbGl0eSBJbnZlc3RtZW50cyBDYXJlZXJzIiwiYWRkcmVzc19jaXR5IjoiV2VzdGxha2UsIFRYIiwiaHRpZG9jaWQiOiJ1VHBsZ1VoQ3AwaFhXTV9tQUFBQUFBPT0iLCJ1dWxlIjoidytDQUlRSUNJaFJHRnNiR0Z6SUVOdmRXNTBlU3hVWlhoaGN5eFZibWwwWldRZ1UzUmhkR1Z6IiwiZ2wiOiJ1cyIsImhsIjoiZW4ifQ==,Senior Data Scientist,Fidelity Investments Careers,"Westlake, TX",2 days ago,"Job Description:  Senior Data Scientist – Natural Language Processing  Fidelity Workplace Investing is seeking for Data Scientists with experience in natural language processing, large language model, machine learning, knowledge graph. This position will be based full time in West Lake, TX.  The Purpose of Your Role  This individual will lead high profile data science and artificial intelligence projects working closely with Technology, Product Management, and others across multiple business uni",https://jobs.fidelity.com/en/jobs/2123562/senior-data-scientist/?utm_campaign=google_jobs_apply&utm_source=google_jobs_apply&utm_medium=organic,"https://jobs.fidelity.com/en/jobs/2123562/senior-data-scientist/?utm_campaign=google_jobs_apply&utm_source=google_jobs_apply&utm_medium=organic | https://www.indeed.com/viewjob?jk=09a0fbebd8993054&utm_campaign=google_jobs_apply&utm_source=google_jobs_apply&utm_medium=organic | https://builtin.com/job/senior-data-scientist/9004881?utm_campaign=google_jobs_apply&utm_source=google_jobs_apply&utm_medium=organic | https://www.glassdoor.com/job-listing/senior-data-scientist-fidelity-investments-JV_IC1161600_KO0,21_KE22,42.htm?jl=1010095837703&utm_campaign=google_jobs_apply&utm_source=google_jobs_apply&utm_medium=organic | https://www.brokerhunter.com/jobs/522322679-senior-data-scientist-at-fidelity-investments?utm_campaign=google_jobs_apply&utm_source=google_jobs_apply&utm_medium=organic",serpapi,"Dallas, Texas",week,2026-04-10T16:40:03.330314+00:00
eyJqb2JfdGl0bGUiOiJTciBEYXRhIFNjaWVudGlzdCIsImNvbXBhbnlfbmFtZSI6IlRoZSBIZXJzaGV5IENvbXBhbnkiLCJhZGRyZXNzX2NpdHkiOiJEYWxsYXMsIFRYIiwiaHRpZG9jaWQiOiJGLW9NaVY4YlBDRHhCTEJuQUFBQUFBPT0iLCJ1dWxlIjoidytDQUlRSUNJaFJHRnNiR0Z6SUVOdmRXNTBlU3hVWlhoaGN5eFZibWwwWldRZ1UzUmhkR1Z6IiwiZ2wiOiJ1cyIsImhsIjoiZW4ifQ==,Sr Data Scientist,The Hershey Company,"Dallas, TX",3 days ago,"Job Location: Dallas, Texas  This position can be based at 19E in Hershey, PA or our Dallas office located in Frisco, TX.  This will be a hybrid role  At Hershey, data is more than numbers—it shapes the future of snacking. Our data scientists apply advanced analytics to understand consumers, forecast trends, and optimize business performance.  As an economist in this role, you will create statistical tools that embed causal interpretations. You will utilize massive data, state-of-the-art econome",https://careers.thehersheycompany.com/job/Dallas-Sr-Data-Scientist-TX-75201/1243094000/?utm_campaign=google_jobs_apply&utm_source=google_jobs_apply&utm_medium=organic,"https://careers.thehersheycompany.com/job/Dallas-Sr-Data-Scientist-TX-75201/1243094000/?utm_campaign=google_jobs_apply&utm_source=google_jobs_apply&utm_medium=organic | https://www.indeed.com/viewjob?jk=e800dc8aa7280d49&utm_campaign=google_jobs_apply&utm_source=google_jobs_apply&utm_medium=organic | https://www.glassdoor.com/job-listing/sr-data-scientist-the-hershey-company-JV_IC1139977_KO0,17_KE18,37.htm?jl=1009569149385&utm_campaign=google_jobs_apply&utm_source=google_jobs_apply&utm_medium=organic | https://www.simplyhired.com/job/EDZ_zWcxSVH7MYrkkeU_K39Tp24-OwYXHXm_gn1V2sULKsYPQao_YA?utm_campaign=google_jobs_apply&utm_source=google_jobs_apply&utm_medium=organic | https://jobs.fair360.com/job/sr-data-scientist-dallas-texas-65077828?utm_campaign=google_jobs_apply&utm_source=google_jobs_apply&utm_medium=organic | https://www.linkedin.com/jobs/view/sr-data-scientist-at-the-hershey-company-4102585660?utm_campaign=google_jobs_apply&utm_source=google_jobs_apply&utm_medium=organic | https://jobs.anitab.org/companies/cbre-2/jobs/71738333-data-scientist-sr?utm_campaign=google_jobs_apply&utm_source=google_jobs_apply&utm_medium=organic | https://www.milwaukeejobs.com/j/t-Sr-Data-Scientist-e-The-Hershey-Company-l-Dallas,-TX-jobs-j82042208.html?utm_campaign=google_jobs_apply&utm_source=google_jobs_apply&utm_medium=organic",serpapi,"Dallas, Texas",week,2026-04-10T16:40:03.330331+00:00
eyJqb2JfdGl0bGUiOiJTZW5pb3IgRGF0YSBTY2llbnRpc3QsIFJldmVudWUgYW5kIEJ1c2luZXNzIiwiY29tcGFueV9uYW1lIjoiTW96aWxsYSIsImFkZHJlc3NfY2l0eSI6IkRhbGxhcywgVFgiLCJodGlkb2NpZCI6ImVrd0lxZDFFY0pBMGEwYjlBQUFBQUE9PSIsInV1bGUiOiJ3K0NBSVFJQ0loUkdGc2JHRnpJRU52ZFc1MGVTeFVaWGhoY3l4VmJtbDBaV1FnVTNSaGRHVnoiLCJnbCI6InVzIiwiaGwiOiJlbiJ9,"Senior Data Scientist, Revenue and Business",Mozilla,"Dallas, TX",7 days ago,"Mozilla Corporation is the non-profit-backed technology company that has shaped the internet for the better over the last 25 years. We make pioneering brands like Firefox, the privacy-minded web browser. Now, with more than 225 million people around the world using our products each month, we’re shaping the next 25 years of technology and helping to reclaim an internet built for people, not companies. Our work focuses on diverse areas including AI, social media, security and more. And we’re doin",https://www.monster.com/job-openings/senior-data-scientist-revenue-and-business-dallas-tx--05e2c8a2-3ef4-4abc-874e-6787a1586f5a?utm_campaign=google_jobs_apply&utm_source=google_jobs_apply&utm_medium=organic,https://www.monster.com/job-openings/senior-data-scientist-revenue-and-business-dallas-tx--05e2c8a2-3ef4-4abc-874e-6787a1586f5a?utm_campaign=google_jobs_apply&utm_source=google_jobs_apply&utm_medium=organic,serpapi,"Dallas, Texas",week,2026-04-10T16:40:03.330336+00:00
eyJqb2JfdGl0bGUiOiJTZW5pb3IgRGF0YSBTY2llbnRpc3QgXHUwMDI2IEFuYWx5dGljcyBMZWFkIC0gR3Jvd3RoIFx1MDAyNiBNYXJrZXRpbmciLCJjb21wYW55X25hbWUiOiJNY0tpbnNleSBcdTAwMjYgQ29tcGFueSIsImFkZHJlc3NfY2l0eSI6IkRhbGxhcywgVFgiLCJodGlkb2NpZCI6IjZFTG9DNU9tSUtZLUNHN2hBQUFBQUE9PSIsInV1bGUiOiJ3K0NBSVFJQ0loUkdGc2JHRnpJRU52ZFc1MGVTeFVaWGhoY3l4VmJtbDBaV1FnVTNSaGRHVnoiLCJnbCI6InVzIiwiaGwiOiJlbiJ9,Senior Data Scientist & Analytics Lead - Growth & Marketing,McKinsey & Company,"Dallas, TX",5 days ago,"A leading global consulting firm is seeking a Senior Data Scientist and Analytics Product Owner in Dallas, Texas. This role involves driving analytical innovation for Consumer-Packaged Goods clients, leading teams, and providing actionable insights. The ideal candidate will have significant experience in consulting, advanced analytics techniques, and strong communication skills. You will play a vital role in shaping analytical approaches, offering expertise to consulting teams and clients, and f",https://www.jobleads.com/us/job/senior-data-scientist-analytics-lead-growth-marketing--dallas--e7aabaf7ea80aa4c29e1bc9962497b505?utm_campaign=google_jobs_apply&utm_source=google_jobs_apply&utm_medium=organic,https://www.jobleads.com/us/job/senior-data-scientist-analytics-lead-growth-marketing--dallas--e7aabaf7ea80aa4c29e1bc9962497b505?utm_campaign=google_jobs_apply&utm_source=google_jobs_apply&utm_medium=organic,serpapi,"Dallas, Texas",week,2026-04-10T16:40:03.330341+00:00
eyJqb2JfdGl0bGUiOiJTZW5pb3IgRGF0YSBTY2llbnRpc3QsIExpZmUgU2NpZW5jZXMgVGVjaG5vbG9neSBTb2x1dGlvbnMiLCJjb21wYW55X25hbWUiOiJVUzEzMiBHdWlkZWhvdXNlIERpZ2l0YWwsIExMQyIsImFkZHJlc3NfY2l0eSI6IkRhbGxhcywgVFgiLCJodGlkb2NpZCI6IjJXbG82Y0QwVHRjSjg3emdBQUFBQUE9PSIsInV1bGUiOiJ3K0NBSVFJQ0loUkdGc2JHRnpJRU52ZFc1MGVTeFVaWGhoY3l4VmJtbDBaV1FnVTNSaGRHVnoiLCJnbCI6InVzIiwiaGwiOiJlbiJ9,"Senior Data Scientist, Life Sciences Technology Solutions","US132 Guidehouse Digital, LLC","Dallas, TX",4 days ago,"Job Family: Software Development & Support Travel Required: None Clearance Required: None What You Will Do: The Senior Data Scientist, Life Sciences Technology Solutions, is responsible for designing, developing, and operationalizing data products, machine learning models, and AI-enabled capabilities within scalable technology platforms for biopharma clients. This role sits at the intersection of advanced analytics, AI/ML, and software-enabled delivery, embedding data-driven intelligence directl",https://guidehouse.wd1.myworkdayjobs.com/en-US/External/job/Senior-Data-Scientist--Life-Sciences-Technology-Solutions_37879?utm_campaign=google_jobs_apply&utm_source=google_jobs_apply&utm_medium=organic,https://guidehouse.wd1.myworkdayjobs.com/en-US/External/job/Senior-Data-Scientist--Life-Sciences-Technology-Solutions_37879?utm_campaign=google_jobs_apply&utm_source=google_jobs_apply&utm_medium=organic | https://www.recruit.net/job/data-scientist-life-sciences-technology-jobs/B38519042D637590?utm_campaign=google_jobs_apply&utm_source=google_jobs_apply&utm_medium=organic,serpapi,"Dallas, Texas",week,2026-04-10T16:40:03.330345+00:00
eyJqb2JfdGl0bGUiOiJTZW5pb3IgRGF0YSBTY2llbnRpc3QsIEFJIEFwcGxpY2F0aW9ucyIsImNvbXBhbnlfbmFtZSI6IldoYXRKb2JzIERpcmVjdCIsImFkZHJlc3NfY2l0eSI6IkRhbGxhcywgVFgiLCJodGlkb2NpZCI6ImgyU1JQVjNTQ091T21IS1dBQUFBQUE9PSIsInV1bGUiOiJ3K0NBSVFJQ0loUkdGc2JHRnpJRU52ZFc1MGVTeFVaWGhoY3l4VmJtbDBaV1FnVTNSaGRHVnoiLCJnbCI6InVzIiwiaGwiOiJlbiJ9,"Senior Data Scientist, AI Applications",WhatJobs Direct,"Dallas, TX",3 days ago,"Our client is seeking a highly skilled and innovative Senior Data Scientist specializing in AI Applications to join their team in Dallas, Texas, US . This role will be instrumental in leveraging advanced machine learning and AI techniques to develop and deploy cutting-edge solutions that drive business value. The ideal candidate will have a deep understanding of statistical modeling, data mining, and machine learning algorithms, with a proven ability to translate complex data into actionable ins",https://www.whatjobs.com/jobs/senior-data-scientist-ai-applications/dallas-texas?id=2619651340&utm_campaign=google_jobs_apply&utm_source=google_jobs_apply&utm_medium=organic,https://www.whatjobs.com/jobs/senior-data-scientist-ai-applications/dallas-texas?id=2619651340&utm_campaign=google_jobs_apply&utm_source=google_jobs_apply&utm_medium=organic,serpapi,"Dallas, Texas",week,2026-04-10T16:40:03.330348+00:00
eyJqb2JfdGl0bGUiOiJTZW5pb3IgRGF0YSBTY2llbnRpc3QiLCJjb21wYW55X25hbWUiOiJERlcgSW50ZXJuYXRpb25hbCBBaXJwb3J0IiwiYWRkcmVzc19jaXR5IjoiREZXIEFpcnBvcnQsIFRYIiwiaHRpZG9jaWQiOiJZNWV6eWJBWWZoRmd0Rm93QUFBQUFBPT0iLCJ1dWxlIjoidytDQUlRSUNJaFJHRnNiR0Z6SUVOdmRXNTBlU3hVWlhoaGN5eFZibWwwWldRZ1UzUmhkR1Z6IiwiZ2wiOiJ1cyIsImhsIjoiZW4ifQ==,Senior Data Scientist,DFW International Airport,"DFW Airport, TX",2 days ago,"Job Overview  Under general direction of the Senior Enterprise Analytics Manager, supports the operationalization and adoption of DFW’s Data 360 Program for the business user community across the airport. Manages and delivers on enterprise-wide analytical projects and supports the effort to provide cross-functional collaboration on data and actionable intelligence. Employs primary and secondary research strategies and coordinates analytics with third party resources and research organizations.  ",https://careers.dfwairport.com/us/en/job/JR101660/Senior-Data-Scientist?utm_campaign=google_jobs_apply&utm_source=google_jobs_apply&utm_medium=organic,"https://careers.dfwairport.com/us/en/job/JR101660/Senior-Data-Scientist?utm_campaign=google_jobs_apply&utm_source=google_jobs_apply&utm_medium=organic | https://www.indeed.com/viewjob?jk=b665cf82368a6600&utm_campaign=google_jobs_apply&utm_source=google_jobs_apply&utm_medium=organic | https://www.ziprecruiter.com/c/Nexxen/Job/Senior-Data-Scientist/-in-Dallas,TX?jid=cbaac7d872dc29ef&utm_campaign=google_jobs_apply&utm_source=google_jobs_apply&utm_medium=organic | https://www.dice.com/job-detail/13c9ab69-26cd-4d40-8488-23a7f258562f?utm_campaign=google_jobs_apply&utm_source=google_jobs_apply&utm_medium=organic | https://www.optnation.com/senior-data-scientist-job-in-dallas-tx-view-jobid-35084?utm_campaign=google_jobs_apply&utm_source=google_jobs_apply&utm_medium=organic | https://www.simplyhired.com/job/cAsvUPygozfuRvi-M53KLgssez4NyNgoLw6AOxYbmUQNnTdQHmfDEw?utm_campaign=google_jobs_apply&utm_source=google_jobs_apply&utm_medium=organic | https://www.ihirechemists.com/jobs/view/513398130?utm_campaign=google_jobs_apply&utm_source=google_jobs_apply&utm_medium=organic | https://jobright.ai/jobs/info/694c6bdb1a572a617ddea32a?utm_campaign=google_jobs_apply&utm_source=google_jobs_apply&utm_medium=organic",serpapi,"Dallas, Texas",week,2026-04-10T16:40:03.330354+00:00
eyJqb2JfdGl0bGUiOiJTZW5pb3IgRGF0YSBTY2llbnRpc3QgQW5hbHl0aWNzIFx1MDAyNiBTdHJhdGVneSAoSHlicmlkKSIsImNvbXBhbnlfbmFtZSI6IlZhbmd1YXJkIFNlcnZpY2VzIEluYyIsImFkZHJlc3NfY2l0eSI6IkRhbGxhcywgVFgiLCJodGlkb2NpZCI6InVvSXpZWE80QTQxWXhlY1pBQUFBQUE9PSIsInV1bGUiOiJ3K0NBSVFJQ0loUkdGc2JHRnpJRU52ZFc1MGVTeFVaWGhoY3l4VmJtbDBaV1FnVTNSaGRHVnoiLCJnbCI6InVzIiwiaGwiOiJlbiJ9,Senior Data Scientist Analytics & Strategy (Hybrid),Vanguard Services Inc,"Dallas, TX",2 days ago,"A leading investment management firm in Dallas is seeking an experienced Data Scientist to develop complex models and perform deep analytics. The successful candidate will lead initiatives across business functions, apply advanced statistical techniques, and mentor junior staff. This role requires at least 8 years of experience in data science, programming expertise in Python or R, and familiarity with big data environments. The firm supports a hybrid work model, blending in-person collaboration",https://us.jobrapido.com/jobpreview/518835972809424896?utm_campaign=google_jobs_apply&utm_source=google_jobs_apply&utm_medium=organic,https://us.jobrapido.com/jobpreview/518835972809424896?utm_campaign=google_jobs_apply&utm_source=google_jobs_apply&utm_medium=organic,serpapi,"Dallas, Texas",week,2026-04-10T16:40:03.330357+00:00
eyJqb2JfdGl0bGUiOiJTZW5pb3IgRGF0YSBFbmdpbmVlciBcdTAwMjYgRGF0YSBTY2llbmNlIFx1MDAyNiBBSSIsImNvbXBhbnlfbmFtZSI6IlNlZGd3aWNrIiwiYWRkcmVzc19jaXR5IjoiRGFsbGFzLCBUWCIsImh0aWRvY2lkIjoicm9tUF9MNVNSNDd2WmpXekFBQUFBQT09IiwidXVsZSI6IncrQ0FJUUlDSWhSR0ZzYkdGeklFTnZkVzUwZVN4VVpYaGhjeXhWYm1sMFpXUWdVM1JoZEdWeiIsImdsIjoidXMiLCJobCI6ImVuIn0=,Senior Data Engineer & Data Science & AI,Sedgwick,"Dallas, TX",2 days ago,"Role Overview  As a Senior Data Engineer within the Transformation Office, you are the hands‑on architect of the data supply chain for our most advanced initiatives. You will be responsible for the “heavy lifting” required to fuel Data Science models and AI applications with high‑fidelity data. Your mission is to build the pipelines that bridge our legacy on‑prem systems (Mainframes, SQL Server, DB2) with our modern Snowflake environment and AWS/Azure AI stacks. You are a “day‑one” builder who e",https://www.jobleads.com/us/job/senior-data-engineer-data-science-ai--dallas--e79052c8bb1be400df67674d19f3db366?utm_campaign=google_jobs_apply&utm_source=google_jobs_apply&utm_medium=organic,https://www.jobleads.com/us/job/senior-data-engineer-data-science-ai--dallas--e79052c8bb1be400df67674d19f3db366?utm_campaign=google_jobs_apply&utm_source=google_jobs_apply&utm_medium=organic,serpapi,"Dallas, Texas",week,2026-04-10T16:40:03.330362+00:00
eyJqb2JfdGl0bGUiOiJEYXRhIFNjaWVudGlzdCBTZW5pb3IgLSBNb2RlbCBEZXZlbG9wbWVudCIsImNvbXBhbnlfbmFtZSI6IlVTQUEiLCJhZGRyZXNzX2NpdHkiOiJEYWxsYXMsIFRYIiwiaHRpZG9jaWQiOiJpQXpwX01Kb2RLZGh1aWRPQUFBQUFBPT0iLCJ1dWxlIjoidytDQUlRSUNJaFJHRnNiR0Z6SUVOdmRXNTBlU3hVWlhoaGN5eFZibWwwWldRZ1UzUmhkR1Z6IiwiZ2wiOiJ1cyIsImhsIjoiZW4ifQ==,Data Scientist Senior - Model Development,USAA,"Dallas, TX",3 days ago,"Why USAA?  At USAA, our mission is to empower our members to achieve financial security through highly competitive products, exceptional service and trusted advice. We seek to be the #1 choice for the military community and their families.  Embrace a fulfilling career at USAA, where our core values – honesty, integrity, loyalty and service – define how we treat each other and our members. Be part of what truly makes us special and impactful.  The Opportunity  The Bank AI/ML team is looking to fi",https://jobs.womenforhire.com/job/usa/dallas-tx/data-scientist-senior-model-development-408866/?utm_campaign=google_jobs_apply&utm_source=google_jobs_apply&utm_medium=organic,https://jobs.womenforhire.com/job/usa/dallas-tx/data-scientist-senior-model-development-408866/?utm_campaign=google_jobs_apply&utm_source=google_jobs_apply&utm_medium=organic,serpapi,"Dallas, Texas",week,2026-04-10T16:40:03.330366+00:00
